tvlUsd_project_balancer-v2_EthereumGNO-WETH,tvlUsd_project_uniswap-v2_EthereumWETH-SUPER,tvlUsd_project_sushiswap_ArbitrumWETH-USDC,tvlUsd_project_sushiswap_EthereumWETH-JPEG,trend_3_dayETH,rocket-pool,tvlUsd_project_sushiswap_EthereumDELTA-WETH,sushiswap,tvlUsd_project_uniswap-v3_ArbitrumWETH-GMX,lido,uniswap-v3,apy_project_aave-v2_PolygonWETH,diff_price_3_days_ago,apy_project_sushiswap_EthereumPUNK-WETH,tvlUsd_project_sushiswap_EthereumPUNK-WETH,trend_1_day,tvlUsd_project_sushiswap_EthereumWETH-USDT,trend_7_day,tvlUsd_project_sushiswap_EthereumWBTC-WETH,apy_project_sushiswap_EthereumDELTA-WETH,apy_project_balancer-v2_EthereumRETH-WETH,apy_project_uniswap-v2_EthereumWETH-USDT,apy_project_balancer-v2_EthereumBAL-WETH,apy_project_sushiswap_EthereumFXS-WETH,diff_price_1_days_agoETH,day_of_week,tvlUsd_project_uniswap-v3_EthereumLINK-WETH,apy_project_uniswap-v2_EthereumXXI-WETH,apy_project_sushiswap_EthereumDAI-WETH,apy_project_uniswap-v2_EthereumWBTC-WETH,tvlUsd_project_sushiswap_EthereumUSDC-WETH,tvlUsd_project_uniswap-v2_EthereumWETH-FLOKI,apy_project_sushiswap_PolygonWMATIC-WETH,tvlUsd_project_uniswap-v2_EthereumWISE-WETH,apy_project_uniswap-v2_EthereumWISE-WETH,apy_project_uniswap-v3_EthereumLINK-WETH,apy_project_sushiswap_EthereumTOKE-WETH,coinwind,apy_project_uniswap-v3_ArbitrumWBTC-WETH,apy_project_sushiswap_EthereumYFI-WETH,apy_project_uniswap-v2_EthereumDAI-WETH,apy_project_aave-v2_AvalancheWETH.E,diff_price_15_days_ago,tvlUsd_project_sushiswap_EthereumILV-WETH,apy_project_uniswap-v2_EthereumWOO-WETH,flamincome,tvlUsd_project_compound-v2_EthereumWETH,tvlUsd_project_balancer-v2_EthereumRETH-WETH,trend_15_day,tvlUsd_project_uniswap-v3_ArbitrumWBTC-WETH,aave-v2,tvlUsd_project_yearn-finance_EthereumWETH,tvlUsd_project_uniswap-v2_EthereumDAI-WETH,apy_project_uniswap-v3_ArbitrumWETH-GMX,aave-v3,tvlUsd_project_sushiswap_PolygonWMATIC-WETH,tvlUsd_project_uniswap-v3_EthereumWETH-ETHM,tvlUsd_project_aave-v2_AvalancheWETH.E,pendle,tvlUsd_project_balancer-v2_EthereumBAL-WETH,apy_project_uniswap-v2_EthereumWETH-FLOKI,apy_project_sushiswap_ArbitrumWETH-USDC,apy_project_sushiswap_EthereumWETH-JPEG,apy_project_uniswap-v3_ArbitrumWETH-USDC.E,tvlUsd_project_uniswap-v2_EthereumWETH-USDT,diff_price_3_days_agoETH,trend_7_dayETH,tvlUsd_project_aave-v2_PolygonWETH,apy_project_sushiswap_EthereumUSDC-WETH,trend_15_dayETH,diff_price_30_days_ago,apy_project_sushiswap_ArbitrumMAGIC-WETH,tvlUsd_project_sushiswap_EthereumSUSHI-WETH,tvlUsd_project_uniswap-v2_EthereumPAXG-WETH,aura,apy_project_sushiswap_EthereumSYN-WETH,tvlUsd_project_uniswap-v2_EthereumUSDC-WETH,apy_project_compound-v2_EthereumWETH,apy_project_uniswap-v2_EthereumWETH-USD,tvlUsd_project_sushiswap_EthereumTOKE-WETH,apy_project_uniswap-v2_EthereumPAXG-WETH,tvlUsd_project_balancer-v2_EthereumWETH-PSP,year,tvlUsd_project_uniswap-v3_EthereumUNI-WETH,diff_price_15_days_agoETH,curve-dex,tvlUsd_project_sushiswap_EthereumFXS-WETH,tvlUsd_project_sushiswap_EthereumSYN-WETH,volumes_last_24h,trend_30_day,trend_3_day,tvlUsd_project_aave-v2_EthereumWETH,tvlUsd_project_uniswap-v2_EthereumWETH-USD,apy_project_yearn-finance_EthereumWETH,diff_price_7_days_ago,apy_project_sushiswap_EthereumWETH-USDT,diff_price_1_days_ago,apy_project_balancer-v2_EthereumWETH-PSP,tvlUsd_project_sushiswap_ArbitrumMAGIC-WETH,trend_1_dayETH,apy_project_balancer-v2_EthereumGNO-WETH,diff_price_7_days_agoETH,tvlUsd_project_sushiswap_EthereumWETH-ALCX,tvlUsd_project_sushiswap_EthereumDAI-WETH,apy_project_sushiswap_EthereumILV-WETH,apy_project_uniswap-v3_EthereumWETH-ETHM,tvlUsd_project_uniswap-v2_EthereumXXI-WETH,tvlUsd_project_uniswap-v3_ArbitrumWETH-USDC.E,apy_project_sushiswap_EthereumWBTC-WETH,tvlUsd_project_uniswap-v2_EthereumWOO-WETH,apy_project_uniswap-v3_EthereumUNI-WETH,apy_project_aave-v2_EthereumWETH,tvlUsd_project_uniswap-v2_EthereumWBTC-WETH,balancer-v2,apy_project_sushiswap_EthereumSUSHI-WETH,apy_project_uniswap-v2_EthereumUSDC-WETH,tvlUsd_project_sushiswap_EthereumYFI-WETH,compound-v2,apy_project_uniswap-v2_EthereumWETH-SUPER,apy_project_sushiswap_EthereumWETH-ALCX
-1.0826878399749127,0.0,-1.5092162308102683,-0.11231691600009452,-1.000981836269889,3.015079729703744,0.5664826249703373,-1.3364758472452767,0.0673030380813254,3.112216750506003,-0.014159112332144435,-0.0683383719175044,-0.05094506857966287,-0.562686151270469,1.0888272405658919,1.0493513187971166,-1.8270386145261837,-0.9853714449913064,0.7937625922302656,-0.39654562817259886,-0.5544372850807339,0.0,-0.16178600102445034,-0.13048244937431108,0.3305397012093256,-0.9953453888376396,3.656917317844678,0.0,-0.42275359770962484,0.0,-1.4435489693903378,0.0,-0.4212027717475677,0.0,0.0,-0.22778415406719696,-0.7202274951073819,-0.3120184575583847,-0.36208840841773,-0.648222566964097,0.0,-0.024990314038917997,0.20107295998050387,1.2199007692701376,0.0,2.502246130393968,-0.24664170338452676,0.8699966625512408,1.0702450897593756,1.0661968740809988,-0.9355180555870898,0.9135722479978873,0.0,-0.4193809835482942,0.7077758860511489,-0.5947071687960808,2.365235691936111,-1.084814240145939,4.118179778836618,-0.5032749048341812,0.0,-0.6712855373955381,-0.4787844620320724,0.13634036896185384,0.0,-0.024779132719688183,-0.9892514003226351,-0.8653915536790597,-0.5652645228827046,1.0660292763591648,0.9313481341312468,-0.5404438800940368,-1.035781078207609,0.0,-0.5893456734537311,-1.2467624780335598,0.0,-0.6705755333437878,0.0,0.10643731763786746,0.0,3.126914479382904,0.8474555166840283,0.15041027339697613,0.17207487502695418,-0.6548690569643352,-0.4100783522717247,-0.3609229787745725,-0.7968202811710497,1.1090693449829168,-0.9970564173041249,-0.6972115177406831,0.0,0.549513960614283,0.00791487577359562,-0.5113430729226383,0.4079994788684645,-0.32787438477965714,-0.4391092566397312,1.041120477974088,-0.059461222272590146,-0.018087917601908178,-0.9781886333577035,0.2033537451988417,-0.16348083868537022,-0.04800155162510644,0.0,0.07841165160325979,-0.3239944426134889,0.0,-0.5555641662420127,-0.2720429013313594,0.0,-0.640025341822847,-1.0330074551829178,0.0,-0.713867920211324,-0.16455398523543613,0.0,-0.9108352918567644
-1.251472815472654,0.0,-1.5411091125808105,-0.15172854476133918,-1.000981836269889,2.939673261258298,0.5220617230350878,-1.3649897725721378,0.07422286417942738,3.003696278220234,0.10223459919964695,-0.06819443657599403,-0.44372054434075037,-0.562686151270469,1.1410794781157245,-0.9510974499958885,-1.8272852966424546,-0.9853714449913064,0.8524560897498552,1.067100536082481,0.22259891416873462,0.0,-0.3335234429823584,-0.09433792264499212,-0.7438079045015481,-0.49521626453521256,3.6932311230574952,0.0,-0.39327997422395533,0.0,-1.4441817711723233,0.0,-0.27783224000459456,0.0,0.0,-0.2614699100689172,-0.659531495894384,-0.33336013185121494,-0.2748187132991565,-0.649735591593731,0.0,-0.02237488509414844,-0.18314528691971943,1.249269398813789,0.0,2.358248600223539,-0.24804125293297669,0.8805557756567217,-0.93252972894475,1.0622039322836563,-0.982785578881002,0.8930165552507154,0.0,-0.5064747375712121,0.7627959496324404,-0.5789894255552517,2.3477701944416483,-1.1045069862259818,3.9894114812484007,-0.4677077511207488,0.0,-0.32184020787175466,-0.5577566800229988,0.7419704224230503,0.0,-0.5446594235703031,-0.9892514003226351,-0.8688474561284285,-0.44921006545071057,-0.9362175932600785,0.671991507138913,-0.5252457959504353,-1.033877307659126,0.0,-0.5467840423303029,-1.2477847211141526,0.0,-0.6511850305830258,0.0,0.08608532611099651,0.0,3.160547891109429,0.8474555166840283,0.18344158095797705,-0.27214641655801913,-0.6746727771807989,-0.4024969255322359,-0.3507921253965777,-0.8294014483047224,1.1090693449829168,-0.9970564173041249,-0.8430572141415343,0.0,0.4750266698879857,-0.04173504225928248,-0.3971586132532801,-0.6379419203150636,-0.49170361969710086,-0.3932773340819426,-0.9586165910402921,0.5633214540906574,-0.14239900119179458,-0.9504335249674087,0.20028230413498735,-0.16552620596524045,-0.04800155162510644,0.0,0.06204427930161438,0.2294666308396048,0.0,-0.5616736691335138,-0.22791013471712643,0.0,-0.7000607083584476,-0.9372569381776179,0.0,-0.7081663027153778,-0.20863230477226438,0.0,-1.0622015889009722
-1.264309983547312,0.0,-1.5359145263030383,-0.11804949610884308,-1.000981836269889,2.965655616623259,0.6753691481917532,-1.3365541743086113,0.14931533445529505,3.010645601256251,0.06596201844770543,-0.06516553634594953,-0.1588489583820717,-0.1261481873143462,1.1607770458634525,-0.9510974499958885,-1.7889110804148467,-0.9853714449913064,1.034940305313149,-0.3736099362782934,-0.46823758817087363,0.0,-0.39536603093576866,-0.10446380873907632,0.40891416923803015,0.004912859767214462,5.400744017315908,0.0,-0.3502196384342064,0.0,-1.4359716146155157,0.0,-0.46334760401772207,0.0,0.0,0.5407138870900645,-0.7520836043888554,-0.32610690627016475,0.4790783436628744,-0.6255735060085298,0.0,-0.022860976328949355,-0.4485498229015749,1.310158937501398,0.0,2.4071878987539144,-0.20278026302110924,0.9402115413642833,-0.93252972894475,1.1171369979350154,-1.1130016081209815,1.0533007800072358,0.0,-0.3774445111423018,0.5185171852448954,-0.4283616780392007,2.534427180190299,-1.0889086073864866,4.07095434789059,-0.3646620138243403,0.0,-0.7358901676554037,-0.48712634383735326,0.5136751225067733,0.0,-0.0041903575487311565,-0.9892514003226351,-0.9026139207258012,-0.3093284439980542,-0.9362175932600785,0.6214965962227135,-0.5112653855348173,-0.9849598599952765,0.0,-0.550411406986717,-1.290322647675023,0.0,-0.6491148701459338,0.0,0.10522402867121772,0.0,3.1418933481532516,0.8474555166840283,0.28521014770173986,-0.4142999349272669,-0.6943759947834263,-0.3258426679688608,-0.34229204055337603,-0.7667555571856906,1.1090693449829168,-0.9970564173041249,-0.7967870999097779,0.0,0.4760036858614416,-0.45430461479143186,-0.39432237676925513,-0.0407244837563281,-0.1894839523011259,-0.38011035150425215,1.041120477974088,0.5457911509199133,-0.4103707616125581,-0.9018992161496586,0.24100627372855832,-0.18987058230006584,-0.04800155162510644,0.0,0.14289310467630745,-0.21084862571336355,0.0,-0.23034182459832309,-0.22947784305157976,0.0,-0.6406194109038996,-0.6970083782721728,0.0,-0.6857393706878449,-0.2010644782038133,0.0,-0.9559798329220216
-1.1925757046299428,0.0,-1.525388312330044,-0.07709708890409402,0.9970564173041249,3.042422121928239,0.9200027024013644,-1.3102184490281206,0.4152613200075102,3.1249313594542762,-0.013819037232834534,-0.0643989242009486,0.1020393357715505,-0.562686151270469,1.2051567958586613,1.0493513187971166,-1.726996669543844,-0.9853714449913064,1.0983085302129316,-0.010876982949875567,-0.46488440514782164,0.0,-0.3654476694610506,-0.07840918514764107,0.7114060030857692,0.5050419840696415,5.583910204976194,0.0,-0.3192658045069036,0.0,-1.4220572800400284,0.0,0.495000260883176,0.0,0.0,0.8432889029562922,-0.5132371072206088,-0.3058014070607594,0.45567992755908276,-0.6011428311874616,0.0,-0.02301153556096735,0.047158454133253244,1.3972354946307066,0.0,2.5441941005673328,-0.13750574181302141,1.040448307239639,1.0702450897593756,1.1321696357213924,-1.0829045121175638,1.319780134236598,0.0,-0.2643081519491625,0.5937556749654761,-0.19196531919658247,2.8581959831394106,-1.065158073686019,4.132793132072132,-0.29062131823683074,0.0,-0.17814927374721912,-0.6563625401114854,1.0642602400466639,0.0,0.21616433932273468,-0.9892514003226351,-0.8499170752647323,-0.311715989908943,1.0660292763591648,1.0228198806187614,0.34518457261311375,-1.01611550896527,0.0,-0.535890945171771,-1.2064350480061017,0.0,-0.6458716187944896,0.0,0.1661784350019637,0.0,3.5758556624517555,0.8474555166840283,0.41316319284091607,0.065942092859465,-0.6574477672948273,-0.17940199134881782,-0.3123503602791173,-0.851705701368392,1.1090693449829168,1.000981836269889,-0.7551430847998278,0.0,0.328855920734215,-0.5921429152307004,-0.23229372055687836,0.8586787681056836,-0.21850427034656955,-0.10867026669096208,1.041120477974088,-0.31412324255342927,-0.5397755063359982,-0.819312062759316,0.3079110920630901,-0.1688208215010619,-0.04800155162510644,0.0,0.1460580763057272,0.09609804815985633,0.0,0.6426578123857853,-0.22162745471683615,0.0,-0.5910902561007528,-0.1675001352775876,0.0,-0.6529948189937347,-0.15581372798755314,0.0,0.2000594855799216
-1.1960692646306337,0.0,-1.527665618237663,-0.08142153540615736,0.9970564173041249,3.246379189773838,0.8587652945917403,-1.1640628330894451,0.3368176573786231,3.358746595259282,-0.18953100821412383,-0.05342541892536386,1.3450851327751614,-0.5567383642930827,1.2154476376114687,1.0493513187971166,-1.741085807875004,1.0128519235368807,1.0817326374984149,0.0974027508844723,-0.19346511265942398,0.0,-0.43996702925943015,-0.1513545395054496,1.7038474169667361,1.0051711083720685,5.662399777995744,0.0,-0.5503690399690909,0.0,-1.4255735070724735,0.0,-0.24554958956700207,0.0,0.0,0.46611928179819057,-0.6783330866927344,-0.25311543650943313,-0.3920495531661122,-0.7213049402682704,0.0,-0.022947010175816778,-0.1644047673080336,1.3851599377587773,0.0,2.8996793136766223,-0.18310577768449426,0.9667068169043749,-0.93252972894475,1.1242959597956363,-1.027924312878198,1.2560426212889573,0.0,-0.4751098973783785,0.8473490571854058,-0.25088872530140277,2.77878853196092,-1.0729043461825392,4.315117601268828,-0.42041874111081007,0.0,-0.6530839340662487,-0.6974335014938694,-0.19811479060269785,0.0,1.6322842316595072,1.0088794042972906,-0.9689631134985233,-0.4537838143694617,-0.9362175932600785,0.8903087994739429,0.01208747860985687,-1.010763676707156,0.0,-0.5119352519693448,-1.3466081966198018,0.0,-0.6482868059710969,0.0,0.1405834203698939,0.0,3.488370552759047,0.8474555166840283,0.36624589580864203,-0.08558127439245011,-0.6344689680652509,-0.23981853074589762,-0.3094979960652647,-0.8543874000815741,1.1090693449829168,1.000981836269889,-0.7685103022404496,0.0,0.330647116685551,0.5951464727203846,-0.46720673675873536,1.5093947323329906,-0.4523069480252587,-0.15766951984697894,1.041120477974088,-0.520650899400693,0.7556735494172641,-0.7782897120972059,0.2931372989856375,-0.18404932350652706,-0.04800155162510644,0.0,0.17442249793474915,-0.46746014305392397,0.0,-0.19699176305447857,-0.22310828752645828,0.0,-0.5140071361998065,-0.7478790605117557,0.0,-0.6630218014866056,-0.09549364558382958,0.0,-0.26945635270814516
-1.2598883287732194,0.0,-1.5298970943902088,-0.0345881657328281,0.9970564173041249,3.2132246948667973,0.744230656054802,-1.1857397613672862,0.29237754529505494,3.3097355982734875,-0.20046535366951343,-0.05391980553316038,1.2993458690065196,-0.5613263928168519,1.2039666498557735,-0.9510974499958885,-1.7607132015616567,1.0128519235368807,1.0171813903638522,-0.39654562817259886,0.4936175753521694,0.0,-0.3101831388000852,-0.13851920736428405,-0.29528590500701524,1.5053002326744955,5.476867401963686,0.0,-0.5006561467533917,0.0,-1.4290943992456144,0.0,-0.03888327509532074,0.0,0.0,0.8761836700749435,-0.7823670189848961,-0.26402471167187785,-0.2913687905194317,-0.5913102760261564,0.0,-0.02282656279020239,-0.21791006438445468,1.3875832667266987,0.0,2.82607174859659,-0.23838688408508127,0.9244948226005691,-0.93252972894475,1.094638703580886,-1.0358304407727277,1.1649268725345345,0.0,-0.4180206192618581,0.9053415344563236,-0.30306863185985944,2.6781527543258523,-1.0806018458522295,4.25798012519571,-0.590362737100146,0.0,-0.8127342635919971,-0.2976511068761545,0.018598950691839033,0.0,1.2248609623058682,1.0088794042972906,-0.9650949446704258,-0.6710232837599369,-0.9362175932600785,0.8777591058302222,0.0947921114480856,-1.0150529259486576,0.0,-0.49136418487466593,-1.2391426614502823,0.0,-0.6444915118364283,0.0,0.1362034508869762,0.0,3.460815696583959,0.8474555166840283,0.5324771649933066,-0.1894626887409251,-0.6548307649935993,-0.29738968188814274,-0.31969597550885626,-0.8571633338019152,1.1090693449829168,1.000981836269889,-0.7136398957598202,0.0,0.2927419500903748,0.5361260461306052,-0.5997895512057152,-0.11973814342381398,-0.21793524450254123,-0.16562176096254919,-0.9586165910402921,-0.1487859067187082,0.5900894024124941,-0.5184052378127212,0.27678649774068287,-0.15603808257858107,-0.04800155162510644,0.0,0.1254180610931421,-0.43888319892671,0.0,2.6674732039069275,-0.2543755786906938,0.0,-0.4984717153241739,0.08868288073884527,0.0,-0.6898527415110073,-0.12619812163196542,0.0,7.637500230705357
-1.1983831043042998,0.0,-1.5381882494285017,-0.03518806512194546,0.9970564173041249,3.167464337723702,0.7414302538434702,-1.2295822707743909,0.39728856183995476,3.1605617391746526,0.16430367367828252,-0.053319031933812704,0.36562245734483495,-0.5570621163058487,1.1868562893879868,-0.9510974499958885,-1.7619710512381215,1.0128519235368807,1.055589188274393,-0.39654562817259886,-0.4840743079905886,0.0,-0.29333977236965486,-0.14185546239741484,-0.8551130552371816,-1.4954745131400666,5.5974356811581,0.0,-0.5062472422805858,0.0,-1.42865041289494,0.0,0.19126552259427804,0.0,0.0,-0.03611218774229043,-0.7920984896376171,-0.28775076612792727,-0.5110291926348183,-0.662450218712319,0.0,-0.023071759253774544,-0.336226155466286,1.471707969124214,0.0,2.665986218503014,-0.26406816873001476,0.9391818847867032,-0.93252972894475,1.1282075604149173,-0.9979239683094799,1.1794074335328961,0.0,-0.35281082881322673,0.8019312377243009,-0.09551564480214214,2.6941927878338254,-1.0782069566053887,4.177284195786763,-0.4898698237635442,0.0,-0.8983165641397233,-0.637229140520887,-0.28135670849326305,0.0,0.3185328609762037,1.0088794042972906,-0.9702615078848273,0.261080081551147,-0.9362175932600785,0.6904978571303274,-0.32312653420488485,-0.9793840377740838,0.0,-0.5453139276838163,-1.0871958668321067,0.0,-0.6404892016580503,0.0,0.14275746018646443,0.0,3.410684469938425,0.8474555166840283,0.5028278792564105,-0.32043845333397886,-0.6711471646987418,-0.2996469873782731,-0.2791409732601257,-0.876865595416436,1.1090693449829168,1.000981836269889,-0.7041876220362222,0.0,0.2935663073179783,0.4545857236512476,-0.6447698406648645,-0.7543096753851867,-0.32743924736951785,-0.15206291706899322,-0.9586165910402921,-0.4762503988978842,0.46872361644783167,-0.5145572851548467,0.27413511349093833,-0.11520483078636504,-0.04800155162510644,0.0,0.1249076483678586,-0.49060336981441866,0.0,0.36606084441210024,-0.2568357355984128,0.0,-0.5968835005262307,-0.08734858692473882,0.0,-0.6662880504299356,-0.20455644128580128,0.0,4.151128831232623
-1.2926534533397516,0.0,-1.5440581901425945,-0.07535959142293401,-1.000981836269889,3.195226190009791,0.6626576172339176,-1.2463352587611822,0.2812839699747486,3.187370590425249,0.20875712929148696,-0.05373832184169077,-0.42435189345782,-0.5606603886763047,1.151285765602175,1.0493513187971166,-1.7992966775411476,1.0128519235368807,0.9505564989069004,-0.39654562817259886,-0.4503909785271004,0.0,0.6475879025828274,0.15249739586064925,0.16853430376205386,-0.9953453888376396,5.343014745192168,0.0,-0.4090217095169871,0.0,-1.4379507391721922,0.0,2.5773529783341993,0.0,0.0,0.5193158523303061,-0.6883988096149645,-0.2853840480406911,-0.3262947782381621,-0.3936563835213112,0.0,-0.022409298632895404,-0.3020268306424849,1.3389901429887763,0.0,2.697606089952789,-0.3224990054471623,0.8773231522240446,-0.93252972894475,1.050458622684241,-0.984401740025655,1.0172475927620384,0.0,-0.41486829935570285,0.861050567641899,0.08195105585003895,2.504525697300371,-1.0948725996555153,4.184234233965851,-0.37860438490970133,0.0,-0.6835873578070274,-0.7272016862324694,0.02225947247619579,0.0,-0.5697406722721018,1.0088794042972906,-1.0016345156513031,-0.5151423838542843,-0.9362175932600785,0.7051830953891645,0.2790541021298387,-0.9738831671492881,0.0,-0.5528226855118675,-1.2043146968898661,0.0,-0.640213180266438,0.0,0.09796401865123898,0.0,3.101275739830131,0.8474555166840283,0.6399021347696875,-0.3315252316322397,-0.6756690622993611,-0.3192016357723216,-0.30720608514174425,-0.8737371936094614,1.1090693449829168,-0.9970564173041249,-0.7477041201751791,0.0,0.2935663073179783,0.35765802533612123,-0.5401550850103551,0.144729904842757,-0.1704215865261777,-0.14398810409309817,1.041120477974088,-0.11096287022858174,0.4091181545796789,-0.6415328941998301,0.2330085894505121,-0.14513060668952382,-0.04800155162510644,0.0,0.11187624513043985,-0.5059993346300968,0.0,2.122108487383177,-0.256717268973643,0.0,-0.5899278302163228,1.3093120626915002,0.0,-0.710157594762875,-0.2250978066627074,0.0,0.09604930510153895
-1.16183965965814,0.0,-1.5300920574525065,-0.0016517782853479998,-1.000981836269889,3.1070011382194505,0.923436265285208,-1.268036685559699,0.6827606593432851,3.0663301686368807,0.21103871150923678,-0.05447677272422228,-0.854829439913466,-0.562686151270469,1.2143504757564778,-0.9510974499958885,-1.6999912148729168,1.0128519235368807,1.1130426215632796,0.3810241872441264,-0.43662138157500974,0.0,0.6473592929684039,-0.08670360932593606,-0.7936543572384134,-0.49521626453521256,5.8938983029969965,0.0,-0.4587236598265136,0.0,-1.4172655053279188,0.0,2.695615582512801,0.0,0.0,1.0638860168660804,-0.73870874425386,-0.30939858305846635,-0.11873632164091683,-0.5400316232612157,0.0,-0.02068862169554701,0.0510924133555437,1.4680656151032718,0.0,2.519923068580356,-0.16800065296703076,1.042411108962656,1.0702450897593756,1.137727105183502,-1.0257003811378327,1.4451080775051606,0.0,-0.10385546734085957,1.0116362563299126,0.28950779415912636,3.0183975451854717,-1.0637176814113058,4.0733030705088416,-0.2672087716135655,0.0,-0.5135776005663406,-0.4719898768699465,0.3130898306610182,0.0,-0.8580776258978317,1.0088794042972906,-0.9031603572076354,-0.586897321345382,1.0660292763591648,0.6109378427251635,0.542669612397363,-0.9440642510734973,0.0,-0.5460288636130272,-0.14202414282927867,0.0,-0.6434564316178821,0.0,0.14412448403585282,0.0,3.3488828969333087,0.8474555166840283,0.6634088945390462,0.08695282904493486,-0.6610881745381655,-0.125060813074301,-0.22631127891340233,-0.8593413902047554,1.1090693449829168,-0.9970564173041249,-0.6390750341261882,0.0,0.2935663073179783,0.2746589094565999,-0.5500334891547152,-0.86337946048104,-0.19033749106716838,-0.14760037976023485,-0.9586165910402921,-0.21390856096210975,0.39077851352644233,-0.6188736769735795,0.34062481157648333,-0.17010088654986183,-0.04800155162510644,0.0,0.1428766526938101,-0.16153018383834325,0.0,0.39561260257017683,-0.26007777222961226,0.0,-0.5843764687284053,-0.15949995756098737,0.0,-0.6559776966927009,-0.2800411120415323,0.0,-0.8448602113120031
-1.1691512355559142,0.0,-1.5297719955799445,-0.017208694486081547,0.9970564173041249,3.463922119087772,1.0516628775383707,-1.2424552608246895,0.6317005432967531,3.6553175457448437,-0.4107252138575671,-0.06263415175286483,1.2112419110876573,-0.5582461236668214,1.2726668635451062,1.0493513187971166,-1.7031723704197905,1.0128519235368807,1.0771951624277403,-0.3833326752334881,-0.27192488208936827,0.0,0.020541228233850836,-0.06621787736764836,2.7324867756857105,0.004912859767214462,5.196774286558435,0.0,-0.2051101368399131,0.0,-1.416875168095244,0.0,0.9263784922650501,0.0,0.0,2.4827349220144406,-0.7380239444198949,-0.18709459912473841,0.048122225420072204,-0.4757343912957182,0.0,-0.020860689389281855,0.9065686999727641,1.3998082082954846,0.0,3.171506927193067,-0.3616363952680088,1.0258722879292836,1.0702450897593756,1.1359207118243377,-0.8654186519486106,1.427129122258741,0.0,-0.46769420884411456,1.3944245071204642,0.1775992128683956,3.0022783192338043,-1.063952779187692,4.142684811382399,-0.4283139048045157,0.0,-0.5886706388829122,-0.6949337911888114,1.1081666892984778,0.0,1.2175706247988014,1.0088794042972906,-0.9168234587344164,2.2819560783783177,1.0660292763591648,1.2227599095209911,-0.18592298463456525,-0.8975556324076979,0.0,-0.49359196140260264,-0.9010696786417838,0.0,-0.6150262282818185,0.0,0.1316091005064265,0.0,3.3491415195673158,0.8474555166840283,0.8970952153058188,0.8946488925764245,-0.5963184376569121,-0.1364513307699311,-0.2629292880574789,0.1126661229811303,1.1090693449829168,1.000981836269889,-0.6899991565420714,0.0,0.2935663073179783,1.32596977902274,-0.19714254698611675,2.8147870945690645,-0.46879196144784346,-0.2412250060038354,1.041120477974088,0.0027471336244278104,1.2456736008125213,-0.6607525982861283,0.3442980648067066,-0.17090668449427848,-0.04800155162510644,0.0,0.10502837970482848,0.10761908517320583,0.0,2.413232550850784,-0.2516074085585735,0.0,-0.43489987013046993,0.8193577910583654,0.0,-0.6590840951904923,-0.09327279421075263,0.0,-0.27526263553601565
-1.2081643505640989,0.0,-1.540549750716776,-0.057146780862385456,0.9970564173041249,3.343158583584822,0.7727389921536985,-1.2522099581986634,0.5868977683594203,3.4345726675895882,-0.36170840448178826,-0.06265918398617099,0.8363306837390364,-0.552002334849192,1.2036189811049838,-0.9510974499958885,-1.7702839076103696,1.0128519235368807,0.9635991432856955,-0.3356330841199688,-0.345338043736627,0.0,-0.3719446072128935,-0.09431181736304273,-0.5834541368110938,0.5050419840696415,4.933131562280058,0.0,-0.37133871782052474,0.0,-1.4301885588890222,0.0,0.13662868940266282,0.0,0.0,0.5701666051822994,-0.6303426481832765,-0.23807323573158587,-0.02749286009085429,-0.49267151063334597,0.0,-0.02076175046538432,0.49846260902987427,1.3210016503132131,0.0,3.001172745289691,-0.45096514234995133,0.7773369310833654,1.0702450897593756,1.0681014960600368,-0.9707794562931531,1.1591674900756344,0.0,-0.15191140477217022,1.172528410339812,-0.004440263203969421,2.6901135850591547,-1.0862391717533237,4.075434706412755,-0.5234549711716285,0.0,-0.6315416544677372,-0.7071924866972502,0.8046878426231613,0.0,0.7824988317392564,1.0088794042972906,-0.9645747497614331,-0.4972378301601488,1.0660292763591648,1.0572169679606045,-0.2199494986173016,-0.9474785845647499,0.0,-0.5414640061636974,-1.2237530834313937,0.0,-0.6141291587590786,0.0,0.08539941783920925,0.0,3.1796226958458687,0.8474555166840283,0.7134751157969758,0.4518126252650327,-0.6196717155437029,-0.21422706933733845,-0.28170484346411556,-0.8443614066107581,1.1090693449829168,1.000981836269889,-0.7199439125588766,0.0,0.2935663073179783,0.8246706789302225,-0.4403480960787661,-0.5029217117876017,-0.49433118021217276,-0.33890021751435073,-0.9586165910402921,-0.3324678734741511,0.7692651730110126,-0.5468841846799187,0.2749393248273537,-0.18223280150784765,-0.04800155162510644,0.0,0.06230693778176365,-0.3927834889142667,0.0,1.1655530174607662,-0.25889705486940684,0.0,-0.562963704307945,0.1773162709451931,0.0,-0.6952440610832611,-0.3279083150445431,0.0,1.5971574577390484
-1.1946379187499863,0.0,-1.5445327594956144,-0.06850215312172431,0.9970564173041249,3.2674014805028895,0.839246028135976,-1.2985981154166877,0.931159702940727,3.2854508710525034,-0.1147285143770923,-0.06252776476131368,0.7400524320849566,-0.29189996779301386,1.2218400423284168,-0.9510974499958885,-1.760592533529549,-0.9853714449913064,0.995644921163521,-0.39654562817259886,-0.31536812880569526,0.0,-0.5568529127630734,-0.13377270266735805,-0.8493184190626097,1.0051711083720685,5.120482599529758,0.0,-0.5301523855784849,0.0,-1.4267846635338526,0.0,-0.5385431379991036,0.0,0.0,-0.6549741609597844,-0.7681523549908361,-0.26875226048768913,-0.5046313430871469,-0.5480472017109183,0.0,-0.020559570925245883,-0.08496614708981445,1.304854694105159,0.0,2.7941738129485567,-0.4321618892769217,0.7946683008270028,-0.93252972894475,1.1124270904136293,-0.9793072094278688,1.2391339771039247,0.0,0.1943969737261223,0.9440467720673562,-0.0053943314691048735,2.753045444289356,-1.0827948697880243,3.96817417740113,-0.5130263411379268,0.0,-0.8808700510231652,-0.6385546079041979,-0.2645170475113743,0.0,0.7502937313943998,-0.9892514003226351,-0.9660331372464489,-0.6752582868485961,-0.9362175932600785,0.9507832496507598,-0.3706611605730717,-0.8704603420348245,0.0,-0.5791332345214488,-1.3432918568004284,0.0,-0.6144051801506908,0.0,0.08450023467614066,0.0,3.23474210654482,0.8474555166840283,0.6935287026388111,-0.040368368871242975,-0.6410668713803854,-0.2198775048036974,-0.28494318255514983,-0.8958200562008238,1.1090693449829168,1.000981836269889,-0.7541750847795622,0.0,0.3372826835052732,-0.11014465365585796,-0.7513950383393002,-1.0296982068442346,-0.49605499379849377,-0.3146197457362313,-0.9586165910402921,-0.555606769054081,-0.17010247325551697,-0.5462401562237593,0.28558794457649694,-0.19622640676016845,-0.04800155162510644,0.0,0.11283791223279344,-0.5023318996150414,0.0,0.16295205964601064,-0.24990938693687337,0.0,-0.6482465044899114,0.5625661049385879,0.0,-0.689555693223175,-0.3886006600446159,0.0,1.4515897537608873
-1.217236977272626,0.0,-1.5472513447387248,-0.08087259561536603,-1.000981836269889,3.282980378588992,0.7954633199469467,-1.2994443659684334,0.813657563601786,3.311925036480663,-0.019769244713136246,-0.06349150574360056,-0.9393257481330938,0.5417244648493216,1.1990926456198654,-0.9510974499958885,-1.7775649759359244,-0.9853714449913064,0.864026347595223,-0.37959316025072093,-0.4216465240584084,0.0,-0.492554615080533,-0.16459513851017527,-0.09134331390770929,1.5053002326744955,4.860911175175308,0.0,-0.5151365297282451,0.0,-1.4306044930120927,0.0,-0.2403648832207781,0.0,0.0,-0.11539255834703906,-0.6193902227482335,-0.2740920945798924,-0.397030163263215,-0.6789065717374698,0.0,-0.02011649661387867,0.3350916826647391,1.2359662056381282,0.0,2.7581446378148433,-0.45105951916975273,0.7736860662820605,1.0702450897593756,1.088886184165847,-1.0312837212181214,1.1702226667928541,0.0,-0.3866652008781475,1.1034078990241343,0.014229714865149104,2.6659547422236867,-1.0909880671421626,3.958118359083634,-0.559573161030224,0.0,-0.9271739937176816,-0.6992722307086477,-0.3130334262826232,0.0,-0.8834665155563627,-0.9892514003226351,-0.9702379387666433,-0.7152289343744223,1.0660292763591648,0.8583125430075216,-0.28657721016800247,-0.9663349648413723,0.0,-0.5591784658206538,-1.333218180808324,0.0,-0.631863533170167,0.0,0.08023252483781268,0.0,3.3223967064280293,0.8474555166840283,0.6464568802322842,0.4037766900728904,-0.6331086558829452,-0.29159401866586593,-0.28925726620477415,-0.986178160777247,1.1090693449829168,-0.9970564173041249,-0.7453426455237803,0.0,0.4010075326489693,-0.09783560196135191,-0.6638781192697376,-0.08630498806571027,-0.3286609793287551,-0.3380182530757728,-0.9586165910402921,-0.6475367786166875,-0.0950673662244787,-0.3818494387376457,0.2702024662024293,-0.17265011395540694,-0.04800155162510644,0.0,0.06490984777917477,-0.40318665853618124,0.0,-0.12359065410167377,-0.2552759250389441,0.0,-0.6058634512684418,0.22882198301700565,0.0,-0.7056475896791251,-0.3990820402916115,0.0,1.8068352186942689
-1.1208594692659624,0.0,-1.5401595260270011,-0.06538724767404623,-1.000981836269889,3.267601156599348,0.9709343884857491,-1.3074479139230246,1.007868680359172,3.27632368736157,-0.06571445082354513,-0.06346647351029441,-0.7834150300660814,-0.562686151270469,1.2422551718108756,-0.9510974499958885,-1.722319383143179,1.0128519235368807,0.9825354881172302,0.06266681171121256,-0.3597136376205945,0.0,0.05541525618897572,-0.13004585617241168,-0.2636919691170573,-1.4954745131400666,4.799638842393386,0.0,-0.4768217675820763,0.0,-1.419257397638078,0.0,-0.3255623757205423,0.0,0.0,-0.23866893398779693,-0.7626803154586058,-0.2755521594693755,-0.45305166560089705,-0.44034460207325,0.0,-0.019398113992535715,0.2644028821393375,1.3564250552614943,0.0,2.7105956602632393,-0.3540303341836924,0.8449567960152361,1.0702450897593756,1.164513683928443,-1.0156475703013352,1.3460129164215415,0.0,-0.27777916473125436,1.211344308187302,0.1683936420061057,2.944019606105978,-1.0769092965738984,3.9343122393629155,-0.336513955542638,0.0,-0.9476716179653215,-0.5468234518978712,-0.39889122476931616,0.0,-0.6984643371382772,1.0088794042972906,-0.9319882221927152,-0.6620267930997045,1.0660292763591648,0.7054482269198176,-0.2981886799151601,-0.875446641122818,0.0,-0.5624922074940839,-1.3344602835037476,0.0,-0.6360038540443509,0.0,0.09669303301996429,0.0,3.4059193479068393,2.872595695051395,0.7913301691701778,0.2960835508428028,-0.6488332892131616,-0.18443027828056577,-0.2656061867101575,-0.9926658882388467,1.1090693449829168,-0.9970564173041249,-0.6911441783922138,0.0,0.46473238179266524,0.09387758493528704,-0.6371059492142813,-0.2335890771791278,-0.3857141882197108,-0.2532143771294727,-0.9586165910402921,-0.567800737966128,0.12252987159735394,-0.33508460770600335,0.3269886723705782,-0.1913899503142724,-0.04800155162510644,0.0,0.1236547754429039,-0.44695466835164105,0.0,-0.370174370366891,-0.2567922978359972,0.0,-0.628648401318209,0.04374793017636862,0.0,-0.6716532981380774,-0.40710727232406485,0.0,9.770258235831825
-1.0860564073603098,0.0,-1.5412315243044583,-0.0779098195568083,0.9970564173041249,3.432661071129861,1.0924660060920504,0.0,1.2028341983804667,3.472566134628568,-0.05202085928458145,-0.06347898962694748,0.503181131985231,-0.5545738508363045,1.260611366589906,1.0493513187971166,-1.7124429338316784,1.0128519235368807,1.0643602340004867,-0.1164975061298112,-0.3866636678410066,0.0,-0.254763743561607,-0.05285084413250839,1.3155035008627447,-0.9953453888376396,5.483193207163742,0.0,-0.3951227596234454,0.0,-1.417100997734969,0.0,-0.35531607684250854,0.0,0.0,-0.09167365360847973,-0.7494795367671838,-0.2372431181935036,1.0814434017480365,-0.5755536021703019,0.0,-0.020051971228728115,0.7093566399565684,1.3191692171678842,0.0,3.0067737526741887,-0.3250989808433656,1.0236182534294116,1.0702450897593756,1.1891702871652758,-0.9252058309470056,1.416637012958192,0.0,-0.0477043839866149,1.3422809406469118,0.10668180571615818,2.9970108338415073,-1.0682104397651262,4.251654063605578,-0.3373010375752524,0.0,-0.5959114756853142,-0.5757799318278775,0.5856907498348707,0.0,0.5540189505551784,1.0088794042972906,-0.9120598888030647,-0.4938231633588206,1.0660292763591648,0.6591449339389922,-0.2117017756090053,-0.9117197544744996,0.0,-0.5120400887967258,-1.2841662809501377,0.0,-0.6241349342050233,0.0,0.09864329088492241,0.0,3.389790532067423,2.872595695051395,0.6799440205664128,0.7698138957544512,-0.6216430114488818,-0.1444854736621267,-0.27534440196181215,-0.9604491833172446,1.1090693449829168,1.000981836269889,-0.6428696821382917,0.0,0.5284572309363614,0.4797705900785743,-0.5623685237414884,1.1928708268862847,-0.4796703967013258,-0.24112197191372775,1.041120477974088,-0.252388820170064,0.5445258656751564,-0.27393818165302136,0.3338715904881022,-0.1862576749074204,-0.04800155162510644,0.0,0.13785988718775527,-0.03567024639804689,0.0,-0.07134547926822263,-0.26712258751592144,0.0,-0.5340621491765689,-0.14453721691026059,0.0,-0.6670667870924253,-0.3051402630871423,0.0,0.9734603569284199
-1.3125397456265278,0.0,-1.559212015117246,-0.08533043636010632,0.9970564173041249,3.4461135925425106,0.556536264707875,-1.234576293860513,0.9003801001092188,3.4759800997021637,0.1558925737793497,-0.06322866729388596,0.7010628716206189,3.558325469055006,1.1568620045154687,1.0493513187971166,-1.820094092906212,1.0128519235368807,0.8331445779535361,-0.2918392086551174,-0.3610535641699666,0.0,0.5612840858860996,-0.037027515530379994,0.20655922739799176,-0.49521626453521256,4.789148408777221,0.0,-0.13944978169513444,0.0,-1.440764248695648,0.0,0.9058601393845932,0.0,0.0,0.3044415454353751,-0.7071085903369099,-0.23683100310379307,1.273415377814379,0.14577015485798883,0.0,-0.019965937381860692,0.6700445432842167,1.1471641999020852,0.0,3.031084508111801,-0.48394554407960794,0.8605633022713794,1.0702450897593756,1.113171545140178,-0.9155989218008049,0.9588817693132397,0.0,0.15659667552507964,1.2533405840359444,-0.34150895506666684,2.446742534796926,-1.1054904121787292,4.142740990546548,-0.6773955444739274,0.0,0.16415430321022212,-0.47241851309212785,1.9647465727547322,0.0,0.7263739839704282,1.0088794042972906,-1.01413384367037,-0.06237389109841127,1.0660292763591648,0.6201451772038686,0.5775234577717646,-1.0712942976819737,0.0,-0.4692317241383207,-1.0971169203852282,0.0,-0.6225478112032528,0.0,0.06442769408719753,0.0,3.136267382211327,2.872595695051395,0.3335029141486052,0.7379066042376572,-0.6124840307947446,-0.34066755315165914,-0.3366349420178038,-0.8753457834875211,1.1090693449829168,1.000981836269889,-0.7356806858537026,0.0,0.5484555266430391,0.8917190198212371,0.5976297158623436,0.2555317434795822,0.017089165135385217,-0.27442834057642806,1.041120477974088,0.10593371874058587,0.9125271398207143,-0.49836737431591444,0.2167493390496583,-0.17015662378169294,-0.04800155162510644,0.0,0.042503279449444334,0.28594357387555364,0.0,1.209756262905323,-0.275553462312037,0.0,-0.42630516534465535,0.11537570074340113,0.0,-0.7704725016439047,-0.28611817096294917,0.0,-0.2517160721802926
-1.2483749013880898,0.0,-1.5517492291698332,-0.07015197011752924,-1.000981836269889,3.1348111837668418,0.7685333557629922,-1.337330357873641,1.003468110533169,3.1102555959070455,0.4856695033136087,-0.06281250641517117,-0.7638756896909776,-0.562686151270469,1.2324547958931282,-0.9510974499958885,-1.7609471549825575,-0.9853714449913064,0.972421638655171,-0.23325347392509804,-0.43914636879116337,0.0,-0.4959542612821216,-0.021944306948924547,-2.7909103879278248,0.004912859767214462,5.051211081682967,0.0,-0.3834532444808309,0.0,-1.4290301921776196,0.0,-0.45088154103795985,0.0,0.0,-0.24977408527006828,-0.7706526891495565,-0.3201959984112224,-0.2799781676625898,-0.5416077958303168,0.0,-0.018000063980940145,0.12180215142292639,1.259872103766504,0.0,2.4272482443351637,-0.5683891586400355,0.9537920246815942,1.0702450897593756,1.1627902266724,-1.0184443885558714,1.1728565452556858,0.0,-0.4145291142272787,1.0581905406761472,-0.1956315422023192,2.716133846283647,-1.095989114857946,3.865839434619577,-0.5191496871551565,0.0,-0.8199622877776672,-0.6739125895449138,0.4471564691553565,0.0,-0.735778077951002,-0.9892514003226351,-1.0108479157768675,-0.5887175700227434,1.0660292763591648,-0.001320437068486251,0.040808576174154065,-1.0491045892932815,0.0,-0.5565879195183832,-1.171974210326201,0.0,-0.5916334153426787,0.0,0.07341583903004795,0.0,3.2987281171550342,2.872595695051395,0.5336346818903445,0.21106964600154382,-0.7072623774361234,-0.2685090807483332,-0.34056379115126406,-0.81488967229771,-0.8998854471747512,-0.9970564173041249,-0.7188674208377885,0.0,0.2820660151304233,-1.1623062369948725,-0.5140755446572477,-2.76424102432759,-0.3478739695918285,-0.2431727005121849,-0.9586165910402921,-0.52572539193914,-1.1196560109016722,-0.3692185426740036,0.2727941628920493,-0.19345767923805093,-0.04800155162510644,0.0,0.055682750529339194,-0.34606389419984435,0.0,0.35426601464172164,-0.2688285069126062,0.0,-0.6469105684140042,-0.6206789906076503,0.0,-0.7287502531355253,-0.46024141154906506,0.0,0.0420077096059716
-1.3209349189214548,0.0,-1.5546032137219052,-0.07772958744802287,-1.000981836269889,3.2600707112823986,0.6480294918079382,-1.3083829865016279,0.7057991297690711,3.2977996980287,0.39255464640911575,-0.06269986136529349,-0.6351014483827288,-0.562686151270469,1.2127470101071698,1.0493513187971166,-1.769636780737758,-0.9853714449913064,0.9218431240178061,-0.3388739971050337,-0.44800065729580835,0.0,-0.2984798014423387,-0.11809514031524972,1.1233818994335192,0.5050419840696415,4.722177127167727,0.0,-0.4625106348893613,0.0,-1.4339962344480819,0.0,-0.19491728637431874,0.0,0.0,0.20352002227563912,-0.7566812622410373,-0.285719627470731,0.09632999022752195,-0.5431915461521541,0.0,-0.01865392121713254,0.4972283825602651,1.1353916360373133,0.0,2.6675354333093617,-0.521426628614457,0.9262796990630761,1.0702450897593756,1.162518526497468,-1.0106494227449507,1.0606663190149486,0.0,-0.20189591405548213,1.4425621565847164,-0.33606463891149024,2.579853945704191,-1.1023158749500628,4.059430963594658,-0.6380985871828153,0.0,-0.7331918305716727,-0.7421999480628176,0.4332967372181657,0.0,-0.8469322993584171,-0.9892514003226351,-1.0414615600416297,-0.5779049119602109,1.0660292763591648,0.07200673356029526,-0.07931417584286994,-1.0966812682077378,0.0,-0.5254573748139223,-1.3267437762914849,0.0,-0.608401714883124,0.0,0.05596711417360139,0.0,3.2404636704961005,2.872595695051395,0.49228143705906063,0.3949431983915785,-0.6782383469240281,-0.37460781759023587,-0.3720047024861868,-0.8866366540613109,-0.8998854471747512,-0.9970564173041249,-0.7241137415222821,0.0,0.2820660151304233,-0.4560669715485846,-0.5152852686941839,1.4153257428231791,-0.06351167206580066,-0.4039849537538975,1.041120477974088,-0.3428394240132574,-0.49167230247813265,-0.4518206337687634,0.24432185037668164,-0.1730008913844758,-0.04800155162510644,0.0,0.029037589733280317,-0.3092883913154945,0.0,0.6357366530478412,-0.27402129396501457,0.0,-0.5562864528303152,-0.2374396850264848,0.0,-1.0100139505822883,-0.5410466089842503,0.0,0.29372027194484396
-1.3446638319508446,0.0,-1.5565861343624101,-0.11689803400843232,-1.000981836269889,3.267976953268168,0.6433447068001961,-1.340885051979406,0.596726088016636,3.271606804473849,0.15468690438180227,-0.05213312988093372,-0.917183155456198,-0.28982795491131164,1.1789557022282293,-0.9510974499958885,-1.7767806337272243,-0.9853714449913064,0.9104593311843221,-0.38574258488904917,-0.46690776157036606,0.0,-0.24763259849233119,-0.12598881313821367,-0.06719795064213151,1.0051711083720685,5.133967633365051,0.0,-0.5464449138155447,0.0,-1.435648676389206,0.0,-0.2903703528224088,0.0,0.0,-0.5420461896612189,-0.7296624708813226,-0.2872326785862149,-0.4700279057328816,0.411143055674927,0.0,-0.018460345061680844,0.21607129274443873,1.114592513141616,0.0,2.6694818826783897,-0.5451959856949669,0.9184253594182246,1.0702450897593756,1.1511254138789555,-0.9857350104233272,1.0367839685226536,0.0,-0.3681962807336354,2.8523686005489837,-0.40109883349824627,2.5584672343602266,-1.104640792723118,4.0488029827943315,-0.7029008738545959,0.0,-0.9346377700512182,-0.5330319813005336,-0.4304641538544147,0.0,-1.0053177477066115,-0.9892514003226351,-1.138848480215184,-0.7468628973749342,1.0660292763591648,0.21500063573188286,-0.23846954181396765,-1.1155007492369033,0.0,-0.5391897639763948,-1.267966584215168,0.0,-0.586872046337367,0.0,0.047093809556825544,0.0,3.2676324400247063,2.872595695051395,0.47979209734107525,0.19456371471958214,-0.6832870453610698,-0.39420997876862784,-0.3914130197758757,-0.8949896226724443,1.1090693449829168,-0.9970564173041249,-0.7230389080965067,0.0,0.2820660151304233,-0.16229038872002244,-0.7789592793152952,-0.23175874099050295,-0.3112722189774195,-0.4189248968195044,-0.9586165910402921,-0.3593773470642535,-0.2039124346508179,-0.490274979645777,0.23987714665131438,-0.17926204042683733,-0.04800155162510644,0.0,0.044152433053856,-0.5173025042168093,0.0,-0.39166927212096614,-0.2750243113880653,0.0,-0.6024059076342668,-0.6392230598782541,0.0,-0.9730389183803163,-0.4720337252750713,0.0,-0.8184135824470744
-1.3698198260209897,0.0,-1.5589325581091134,-0.12894810549789207,0.9970564173041249,3.219939788101207,0.6020825619243139,-1.352954030999133,0.5658994328062557,3.1974673238609506,0.20836186119071123,-0.052061162210178535,0.40379162748611797,-0.3586853829978791,1.1524061734941402,-0.9510974499958885,-1.7926642635316488,-0.9853714449913064,0.9009222929415437,-0.23325347392509804,-0.5248276016593066,0.0,-0.31485119963653985,-0.15306267160273201,-0.47253377203733604,1.5053002326744955,4.912220691416862,0.0,-0.5668906397087002,0.0,-1.4387814411331594,0.0,-0.4731708789377358,0.0,0.0,-0.41500197736502553,-0.7816186277560184,-0.30503016310636477,-0.502660001753489,-0.09400509721652743,0.0,-0.018533473831518155,-0.2974606454501092,1.0382340927305045,0.0,2.5722785843785787,-0.5648857182364899,0.8952918295671116,-0.93252972894475,1.1679892132724878,-1.0060789210427463,0.9556443668799046,0.0,-0.4733534547315071,2.9276378357976234,-0.48750515755773516,2.479574534065746,-1.109711811912687,4.054818719445119,-0.8069042784234727,0.0,-0.7290559178906262,-0.7397327860690234,-0.508153713774268,0.0,0.33600642277401205,-0.9892514003226351,-1.1529927523733086,-0.6689370719910777,-0.9362175932600785,-0.26826020130195394,-0.25272302989723405,-1.1523668450262332,0.0,-0.5493843229786639,-1.3018044367347772,0.0,-0.5903223137325203,0.0,0.04361412924332704,0.0,3.2155407614481697,2.872595695051395,0.35654791975982436,-0.36554407414798684,-0.6918971233414762,-0.4770095219296375,-0.413464425898439,-0.956539495614361,-0.8998854471747512,1.000981836269889,-0.8195407849458889,0.0,-0.8417364310876315,-0.3080774470023097,-0.6092433845837166,-0.4822836133669679,-0.2918416600092765,-0.4619793225904738,-0.9586165910402921,-0.25076278308731087,-0.3441610539842829,-0.580384760980629,0.21600122504418703,-0.1792193196742961,-0.04800155162510644,0.0,0.07978496221193199,-0.17932269034702794,0.0,-0.5139551116312595,-0.26185082271366655,0.0,-0.6282321505078333,-0.4063444405351585,0.0,-1.018296255217704,-0.5155636985452835,0.0,-0.919764643286735
-1.2454626718711272,0.0,-1.5451198879213546,-0.07947345487897364,-1.000981836269889,3.1629471079453357,0.9598777321632225,-1.4074902595025298,0.7104283960412194,3.135951274656431,0.2848466472214422,-0.05248358114721986,-0.6273716592370804,-0.3117783413768443,1.2594659245042763,-0.9510974499958885,-1.7043301725506468,-0.9853714449913064,1.1455493690720262,0.4458424469454244,-0.525248432861999,0.0,-0.0019288845128747666,-0.10281127383686446,-0.3937136335756891,-1.4954745131400666,5.561758065166985,0.0,-0.33644397861687764,0.0,-1.4193188424517134,0.0,0.36184351418245875,0.0,0.0,0.4178078136042128,-0.7667028686330469,-0.31764088485462705,-0.06310674502542,-0.31458674358312144,0.0,-0.015440557036634417,-0.3609534439760412,1.1838804816297221,0.0,2.4207733209115148,-0.3405852965821785,1.0356271894255822,-0.93252972894475,1.2661350846811452,-1.1057993597987024,1.3379546608548767,0.0,-0.28845081307202536,3.2480597311870145,-0.28447868048663694,2.920019148157898,-1.0842924824706848,4.43371167951229,-0.6746450063472328,0.0,-0.4246315610392751,-0.7152619641744157,0.7310822894176345,0.0,-0.5417271143078497,-0.9892514003226351,-1.0812915988691025,-0.38373076857894645,-0.9362175932600785,-0.34623699767245303,-0.11460760175700911,-1.1999383349840158,0.0,-0.5561289481336572,-1.1246380484906509,0.0,-0.6051584635316798,0.0,0.09769046641384788,0.0,3.512663530962717,2.872595695051395,0.47498757664065,-0.3908751777664137,-0.7076634022569632,-0.3262317349199,-0.3734298974450896,-0.947057810969397,-0.8998854471747512,-0.9970564173041249,-0.7130382977614932,0.0,-0.930680505046161,-0.35682267446087473,-0.40636946417640013,-0.3659881281406002,-0.3095149332826262,-0.2624631151856818,-0.9586165910402921,-0.5563844389632238,-0.3919989747266775,-0.4981381872509989,0.3224779981840206,-0.16264533646770227,-0.04800155162510644,0.0,0.043017647529404915,0.20678766919063413,0.0,-0.2381492754582451,-0.2676319940024315,0.0,-0.6471723177593071,-0.15901589708509906,0.0,-0.9655708252388869,-0.5336769696846835,0.0,-0.8091463941476381
-1.2685744953746179,0.16971990905006676,-1.5454560723136166,-0.05514361900465817,0.9970564173041249,3.3712602042442907,0.8498698401195837,-1.309863459752528,0.6239003218570984,3.394750457886251,0.1461818582813497,-0.05205177512268872,0.5541235800536771,-0.5423082745812282,1.2583038781065223,1.0493513187971166,-1.6997850100079226,-0.9853714449913064,1.1161380685857523,-0.23100976493543773,-0.545296831358258,-0.07298868992759638,-0.34937125141449277,-0.006550092738191098,2.089762273194968,-0.9953453888376396,4.8501217792891875,-0.06495430931096233,-0.16906128579858062,0.6913088372412083,-1.416702250972356,1.9240398491586865,-0.03788178234639755,2.6648327527247964,1.1084696960307274,-0.11335834234812589,-0.7764840200630431,-0.26121644170357444,0.8880794136339327,-0.46831324544953357,0.16834507382262345,-0.015750278885357127,0.30003182947027984,1.164923920350428,0.9916012015881487,2.8450198373973254,-0.3231722747157857,1.0485243929399628,1.0702450897593756,1.2710980223723487,-0.9918647092379581,1.4000636250215839,-1.0654801623537784,-0.40063774380739636,3.5725170302298226,-0.36870927875145254,2.9787926121697343,-1.0790953074234824,4.6911714662098305,-0.7534897423932391,-0.1805709742446631,-0.06264267973499436,-0.5145280159754515,2.0372187803263064,5.6832129256893875,0.7062076962693892,-0.9892514003226351,-1.0896286592547526,-0.12304068446033528,1.0660292763591648,0.01544072119915219,-0.24967933148059862,-1.2080351253224832,-0.583419929764967,-0.5490657593931363,-1.2947611938098782,0.6027982034569487,-0.605365479575389,0.0,0.09797655338987954,-0.1169840089339609,3.307634895939795,2.872595695051395,0.38215278566080363,0.36701025932174025,-0.6901533695925853,-0.3482785633229089,-0.3926689188487513,-0.845793731376852,-0.8998854471747512,1.000981836269889,-0.7839544796021177,4.643849488690103,-0.930680505046161,-0.12989075890158938,-0.22463674675625614,1.8092505592089627,-0.062407092486216315,-0.29642971302685356,1.041120477974088,-0.4712413667894998,-0.10713160328399708,-0.56296056896528,0.3400746089545831,-0.18373459171241488,-0.04800155162510644,3.006791658636256,0.06084592148242616,1.7427608079606913,4.638810881264396,0.07012592836730099,-0.2532422479803963,-0.1598400811635447,-0.609190824913209,-0.18763776997623963,0.010067580853892238,-0.9719849312180222,-0.302543805414911,0.8685251809753977,-0.6390329704274285
-0.9935838523716031,0.700889774176121,-1.5197681213887109,0.03446021648428675,0.9970564173041249,3.43022098442686,1.3003037650345786,-1.2673130413280693,1.0832936436910559,3.4563424150343427,-0.42258861811201903,-0.060697282700801256,0.9940321663408848,-0.5602718862609856,1.4727255786074593,1.0493513187971166,-1.5387255180303512,-0.9853714449913064,1.3266137662157829,-0.39654562817259886,-0.5121622657830806,0.3051366825952563,-0.30151072245937327,-0.015527205316870428,0.18309157917090665,-0.49521626453521256,5.595701637773368,-0.06495430931096233,0.008937485061434868,0.4688688067828973,-1.384605960219794,2.0999167114092665,0.0902934385514024,3.564415177176554,-0.07254333408354188,-0.2384913650548631,-0.7380696507349883,-0.22246584854566093,1.6741684385354505,-0.3124674987346024,0.3014589978531028,-0.015139438572598444,0.3343036922510508,1.3979482191478807,0.21870590287228478,2.935033190049397,0.06742669710912984,1.3019492974890565,1.0702450897593756,1.3583519629078273,-1.0472416313453135,2.0325734932404558,-0.697404768218357,-0.3962961016881129,3.400226322254439,0.08750665912919597,3.7695410413194996,-1.0279428926257044,4.687326208895903,-0.4819949865799004,-0.2682659863089773,0.5266787518938947,-0.7249333193090092,2.236285740238135,6.524456265143513,1.0855274859566586,-0.9892514003226351,-0.8519938945160901,-0.06070601002334016,1.0660292763591648,0.061075343075686135,-0.03592009365959523,-1.0714574615418224,-0.533504965466275,-0.5408725145170644,-1.058669751204495,-0.005681375116188893,-0.6251010090756662,0.0,0.1751420634707083,-0.014415370235260128,3.6734164328697116,2.872595695051395,0.7014726961234306,0.3707566817694181,-0.6673913156836604,-0.06677428076401618,-0.2966384187633585,-0.7442245883087844,-0.8998854471747512,1.000981836269889,-0.6038389683987446,5.705354424789088,-0.930680505046161,-0.12174763646100115,0.13754632872250455,0.2776496356140154,-0.4684405043088848,-0.025440655795841396,1.041120477974088,-0.24718602518869454,-0.11576588358314582,-0.37096369334148904,0.502039271635194,-0.16661224759624907,-0.04800155162510644,3.5749750125609165,0.01512471564268495,0.9241628572699457,5.307660240553591,-0.11179893412610915,-0.2572701132225686,0.007072128472789909,-0.5116691853923698,-0.04001010835574716,0.5874297932100551,-0.8843052522097096,-0.2410297916448304,1.3359951127795575,-0.6741946626928339
-0.9690459320211783,0.6204860858939051,-1.5147216234400342,0.06887892871836788,0.9970564173041249,3.993614421436138,1.8073285641116388,-1.1241822939910424,1.1274125177726901,4.1864083646725545,-0.5013505293312326,-0.0614013142625368,4.037715085428533,3.4538738196791976,1.6163107290760395,1.0493513187971166,-1.467862070592507,1.0128519235368807,1.351637147116492,-0.07361773432741406,-0.533520290982118,0.13475153955680566,-0.2772486053157148,0.21586295840082817,4.633643571586991,0.004912859767214462,5.789638555621338,-0.06495430931096233,-0.05525725018327428,0.20668193995762127,-1.386670162210735,2.148778695844263,0.2916223010201893,3.780887642645949,0.7640733495151191,-0.35186130200330673,-0.6392144426660222,-0.10162781685910294,0.8021918197977318,-0.27085384859824746,0.22418787533098353,-0.016950451049157624,1.8182413448915002,1.4277340432854986,0.7791458330862876,3.9672472098037828,0.12681638030019635,1.3788974056344923,1.0702450897593756,1.3601584500861128,-0.8373976184595656,2.036073581018674,-0.6117258050769868,-0.3481731244611201,4.028509928725136,0.20123584775156134,3.9826938389170246,-1.0149666907816106,5.303240221181864,-0.38905772164480895,-0.2080008505156723,1.647308649113128,-0.70227819243967,0.9751030414277518,6.697173531595744,3.994164368637822,1.0088794042972906,-0.7838138771134946,0.05145287036259676,1.0660292763591648,1.2854355415276562,-0.044829616994113856,-1.0615154205551358,-0.5139595123675033,-0.4536217867558809,0.5257150932393164,-0.06555132434859708,-0.5971538431749239,0.0,0.18418956408770962,0.2729812354216493,3.733347148213464,2.872595695051395,0.818997726765495,1.7675119274950077,-0.6219396057717027,0.08415859514555954,-0.21219234752053837,-0.6271881087043685,1.1090693449829168,1.000981836269889,-0.5681716885426514,5.991491328639343,-0.9303751875544559,2.697011005547041,0.10185211962980156,4.891912994207786,-0.3598737204791313,0.03662328312210607,1.041120477974088,-0.23098587795682107,2.615895992472175,-0.34673687073454046,0.5396231370318351,-0.14864983993206587,-0.04800155162510644,4.006082914752928,0.026741878949121032,0.4837023557658861,5.513918655776459,0.3318064545363568,-0.26044896765389086,0.026093887947786422,-0.3210970969602389,-0.23679866434678118,0.37683736135156454,-0.8624001848720231,0.17906411633655386,0.505390647920262,0.14677866385413701
-1.0340614477857493,0.516312465487444,-1.5313325957738644,0.01718154032540564,0.9970564173041249,4.026900433761117,1.7370135045616155,-1.1136381196410596,0.9722716017400272,4.250167988579271,-0.3783152827212303,-0.061842507374557744,3.226218193572135,-0.5403565124471247,1.5942803832003074,1.0493513187971166,-1.5441846009006424,1.0128519235368807,1.0736513685129403,-0.14350511433868537,-0.48102749008309664,0.18763940718664435,-0.39620672435655196,0.13447755472433678,0.5580465384685193,0.5050419840696415,5.477088279395182,-0.04011430028705511,-0.04300119526980056,0.48390367646249166,-1.4017529917636087,2.063065722414695,0.12467418027307003,3.329103190397068,0.15363329233874293,-0.5164603652737833,-0.7335308149231006,-0.08972357812288646,1.01252664217179,-0.3494039914877538,0.3133593322297404,-0.0180516842890606,1.1975251055636482,1.2659423384164574,0.7529773470909493,4.023455900889427,0.007836985629798909,1.255219118790976,1.0702450897593756,1.3701044965795734,-0.8439070493957719,1.3668262139231155,-0.7890518654590964,-0.25431813526070535,4.3130100755442475,-0.07812984511873018,3.5983693460107466,-1.035533681813164,5.179746034516203,-0.5476782770830222,-0.15655706675761133,0.19288616914420806,-0.7343633161970007,1.653213182297071,7.1489660384240254,3.107972141192098,1.0088794042972906,-0.7921290748881514,0.03145802362454049,1.0660292763591648,1.44189822845573,-0.02260342718349244,-1.1414524512139814,-0.5362384785818302,-0.4592550029175792,-0.42479871363752864,-0.12725652633446227,-0.6043303993568431,0.0,0.13618483311340712,0.08978352055146079,3.2118586216964897,2.872595695051395,0.6799616708486598,1.2079036569191524,-0.6208583042344078,-0.09996689119990479,-0.24216931833663657,-0.7825853449212667,1.1090693449829168,1.000981836269889,-0.6387002020381651,5.475572023932586,-0.9298001729450781,2.325926182637826,0.049699956573547574,0.40740597424379915,0.12878559110729448,-0.055394085043250156,1.041120477974088,0.2989477244057422,2.407896284859439,-0.44268217299786616,0.4630740655613842,-0.16201075528932968,-0.04800155162510644,3.6235248659456443,0.0015497664190646887,1.0729766843023498,4.9837769219695005,0.10371668802974576,-0.2681453493764338,-0.204986548886907,-0.32991911632369286,-0.29780945502062917,0.7669637526583826,-0.9157427914373577,0.19241297237472219,1.6902464437658866,-0.8972941339355767
-0.9464905060912787,0.6394812789071822,-1.5243331829852358,0.06266672886066854,0.9970564173041249,3.866658131554921,2.729799372912654,-1.1867104549162169,1.0897732721183815,4.015973137820343,-0.6595707680772311,-0.06225553922410927,1.9433787210754465,-0.562686151270469,1.547066660301893,-0.9510974499958885,-1.4917016441510045,1.0128519235368807,1.1630010241945423,1.4668962379067692,-0.5271876230440048,-0.4716085038277576,-0.25991852164167306,-0.08450102907756916,-1.7482514384989074,1.0051711083720685,5.86625129266312,-0.06495430931096233,-0.4669366756726973,0.018956862335972397,-1.391211185610456,2.123273485665713,-0.6408394980653754,3.591828069335843,0.054952390758339464,-0.6603053868980205,-0.7831158076599922,-0.13377868122201134,-0.09072939963143045,-0.5717588319945867,-0.32540944838383307,-0.01821084690576533,0.827395436535362,1.3445518627812718,0.11860350948473403,3.7048737789592603,0.010420629405877147,1.3433941070569424,1.0702450897593756,1.4789068128672522,-0.9098363959673726,1.6069579395333218,-0.6637806960350421,-0.5158092137710804,3.757694857012959,0.07401590878509848,3.8698204529579447,-1.0164789671899848,4.803935315500929,-0.44808719871816266,-0.20617512943587202,-0.8170623655240216,-0.6229153947135784,0.03630899590512727,6.582347718471442,1.9905708297168812,1.0088794042972906,-0.787718043583846,-0.6586379743737649,1.0660292763591648,0.9232202869808218,-0.3940162657713022,-1.112306081578168,-0.5184517433708475,-0.5093557036583339,1.173378677143966,0.6900555627889519,-0.5935655650839645,0.0,0.15573275802336434,-0.20136161256657947,3.2457469614479653,2.872595695051395,0.8928523151992146,0.90813446004155,-0.6587518018470615,0.022809729414192355,-0.03687683284609766,0.405566775415641,1.1090693449829168,1.000981836269889,-0.5789812745900914,5.839969015687257,-0.9292048038362534,1.6975827920221613,-0.5461051286830917,-1.9384297923491953,-0.5161884670445541,-0.014956614569862465,-0.9586165910402921,-0.34683774708147636,1.789398561032772,-0.3806407650545156,0.5181997907335861,-0.19955884796230242,-0.04800155162510644,3.8718310247264527,0.027120331870540818,-0.2183391153339293,5.579623383039911,-0.4069781700311168,-0.26803872941414103,-0.13036269456379176,-0.4899316863698386,-0.7110281595305131,-0.39772176770981493,-0.8732110329186845,0.08935890476326346,0.6468713434959191,-0.7768740017248849
-0.9942494954593486,0.5699500525869873,-1.5299905452914326,0.028152467379726112,-1.000981836269889,3.968359187134748,1.6170008686004975,-1.1550329699857436,0.9110123745323444,4.133824098358317,-0.6099179886774784,-0.06171734620802699,-0.23697494825639362,-0.542659776766517,1.498338368686775,1.0493513187971166,-1.5325307165676731,1.0128519235368807,1.0805699075142856,0.12956257973627022,-0.5098864106389208,-0.5657119419725906,-0.38425265387330876,-0.10715688606882726,0.9666821014882944,1.5053002326744955,6.177495592188684,-0.06495430931096233,-0.5135541854956662,-0.1333704471048869,-1.400476400565631,2.076851048019643,-0.6789653903689876,3.328290018601678,0.9387385453124334,0.6935836173746236,-0.7884376125217415,-0.1078389799980672,-0.32204891624782256,-0.6251542036904677,-0.17735127742156764,-0.019595991840330788,1.38306227502459,1.2704679607246059,-0.373490326366714,3.88497993118345,-0.22026238774863155,1.2723791684757557,1.0702450897593756,1.4631086110520615,-0.8517035471507901,1.442892250098596,-0.7600538774643688,-0.4633221270338187,4.0105283447011795,-0.07061858945861399,3.6569052326915013,-1.0238399184157163,4.97512934274188,-0.4671849339041524,-0.30671379896695444,-0.7684410475499349,-0.6863515526234288,-0.37039120680019544,7.511986427191814,-0.13099303456291467,1.0088794042972906,-0.833151994440331,-0.6439447039404003,1.0660292763591648,0.9047175465150062,-0.5117363878227895,-1.1451910944973362,-0.5327063995940966,-0.48645618584630196,0.322970314758298,0.8773212857539792,-0.5402244311548934,0.0,0.1312568374837483,-0.1997019826168333,3.100900275184688,2.872595695051395,0.7546084722732985,1.3754956196064234,-0.6592166537542443,-0.07638799961872555,-0.06532915353992719,-0.9611829955018327,1.1090693449829168,-0.9970564173041249,-0.6213713218748268,5.554151591136212,-0.9286145233522904,2.2894805345695093,-0.5727968810577508,1.1253958142471707,-0.32208371001395736,-0.009365863190354852,1.041120477974088,-0.555580584882056,2.3189187388860604,-0.4501791934490889,0.47535623958762124,-0.21057646329150498,-0.04800155162510644,3.7098653831825086,0.025873305991630485,-0.26396937291516687,5.092033786619413,-0.5602437854780561,-0.2683269982010808,-0.20613195718784258,-0.41612205983611744,-0.9527959983553306,-0.4135955650888675,-0.9043104927280947,0.0632772179307985,0.3018080303356589,-1.0397756801683926
-0.9996481266332963,0.8523503354689973,-1.5282705112915909,0.03848639945497132,-1.000981836269889,3.8240210620470036,1.66416882216577,-1.186837758202105,0.8556473566195095,3.9449953293548887,-0.5377570842511832,-0.062302474661558305,-1.410838768767955,-0.21470823789209964,1.5151506178891896,-0.9510974499958885,-1.526557139830526,1.0128519235368807,1.1084119938774137,-0.39654562817259886,-0.5439939379547228,-0.5436120078804019,-0.4627099986427258,-0.15368101401085194,-1.8259902072824827,-1.4954745131400666,5.0853238899551725,-0.06495430931096233,-0.49011885763611707,-0.04521096827058161,-1.3987862691983606,2.087924578444014,-0.6098883286349845,3.3941492830469433,0.5651326519290256,1.5830792328666583,-0.7813499541125126,-0.14862659917086382,-0.3773172004159717,-0.6334846798649799,0.18459728543364373,-0.019987445843577544,0.9875078615450344,1.28511713339234,-0.5502645577089567,3.604691221411176,-0.20545612568520064,1.2680956385881825,1.0702450897593756,1.5017066418768483,-0.9092662763805035,1.4898133221699383,-0.7420600051722087,-0.43056829474990654,3.6159292109022263,-0.09522679844664242,3.704866552365815,-1.0189874206169445,4.764133838573757,-0.5239106523679015,-0.2726839570408386,-0.8235677581260146,-0.6514747852461666,-0.3213633140678138,7.528449181479683,-1.5103056486014776,1.0088794042972906,-0.8572895405102732,-0.6303928300991928,1.0660292763591648,0.9210485636261829,-0.0723942646491531,-1.1471308994671638,-0.5258589952125065,-0.5006130780553197,-0.8436187844855141,0.8886302849573593,-0.5405004525465056,0.0,0.13288358849114484,-0.1791484412973212,3.0648173376532073,2.872595695051395,0.8573066964639297,0.9290714174386274,-0.674363520139473,-0.08251535586377765,-0.1365040067550489,-0.9829653097770944,1.1090693449829168,-0.9970564173041249,-0.5895153924576882,5.618534211283942,-0.907120171936258,1.82763751991765,-0.5973995031441771,-1.6204202032615744,-0.34226739142272605,0.07009351100860903,-0.9586165910402921,-0.49873474741575996,1.7919516868993222,-0.47932137439241074,0.4818581446333725,-0.17654649134147685,-0.04800155162510644,3.729533223861677,0.07590504589363802,-0.1479368126121018,5.093192541761114,-0.055562648628424846,-0.27721594394630616,-0.18296047034188898,-0.4603535756975815,-0.6291165001898428,-0.38489226023907375,-0.9088055385455509,-0.19517328431286737,3.291578210638932,-1.057137624414507
-0.8233911516449236,0.9276542132678346,-1.520557975571419,0.07680764269321065,-1.000981836269889,3.9089490775211764,1.781206911565247,-1.1275416118550567,1.0462076152089335,4.024980634336773,-0.3940517072166609,-0.06352592506439653,0.1960704332798946,-0.562686151270469,1.6016514205287735,1.0493513187971166,-1.4833004506328884,1.0128519235368807,1.186953229911302,-0.39654562817259886,-0.5437986722766737,-0.4364404873096387,-0.14733197378993046,-0.09908047627221764,0.704246202032755,-0.9953453888376396,5.68121013559491,-0.06495430931096233,-0.472410317340304,-0.14941402127012418,-1.3872060395564263,2.1504612286296148,-0.6677846965000737,3.8410267146835793,-0.10471330799875342,-0.30598419137061095,-0.7926493500960474,-0.1344557274407521,-0.25076123129702366,-0.7374253462554559,-0.31441997203299654,-0.019303476760981552,1.2636693644350483,1.3444899437880646,-0.020072293085760768,3.7188167122226474,-0.12507520461813804,1.3800297636617644,1.0702450897593756,1.5515990876046681,-0.8806332910777811,1.7065274772318768,-0.6259147751414723,-0.5224095534389401,3.5686471680798135,-0.008856736483731436,3.9910902177596665,-1.003206143676837,4.838557073755925,-0.4623331957859971,-0.2472589600313457,-0.8091595435238064,-0.7380477850320601,-0.18026200777877657,7.683891235863314,-0.09138417538420043,1.0088794042972906,-0.7891663530169606,-0.5654440989854038,1.0660292763591648,1.057991844535956,0.030889669669538,-1.1033113134597907,-0.5108372730502033,-0.49943232591433123,-0.6390404541693114,0.9511626917245664,-0.558234826957594,0.0,0.15311465665701274,-0.2117162126361321,3.2138897330257117,2.872595695051395,0.9880142104887379,1.1781774617025607,0.0,-0.005772348005119388,-0.05563560673633515,-0.9852393646975994,1.1090693449829168,1.000981836269889,-0.5453262429062634,5.994682008164075,-0.877458577617117,1.4698593540906189,-0.5153829804998836,0.8374735857503662,-0.4316379210436423,0.24315060093747806,1.041120477974088,-0.04459123097958718,1.2821888848652052,-0.4002172668806078,0.5365579788690464,-0.18593804802707953,-0.04800155162510644,4.00845004198408,0.08493030540698175,-0.40008982868612736,5.715042792502897,-0.1638587651886484,-0.2745504448889862,-0.10694951947980291,-0.458999402369709,-0.8816139468403535,-0.34388468386122795,-0.8830114893791077,-0.16777009490643588,0.5252841646150512,-0.6360180711416518
-0.9088680569524649,0.9336870839747656,-1.5296527187906828,0.043763340802216624,0.9970564173041249,4.019577873192041,1.6365523467279952,-1.073372973514358,0.8800162682299465,4.1492036779586,-0.5423020630667973,-0.061864410578700624,0.2607440336788069,-0.5625381503503473,1.5180921356447703,1.0493513187971166,-1.5475846900078802,1.0128519235368807,1.0885166404757618,-0.259346978471518,-0.5447379675210827,-0.40303842787610483,-0.48276127417877657,-0.16342759741369325,1.3917149067366072,-0.49521626453521256,5.69197744373788,-0.06495430931096233,-0.5110059474115732,-0.22479916304137823,-1.400046900704485,2.080478301995239,-0.5205249144990519,3.356699387316569,0.6831550102191882,1.1225742612978709,-0.7952283786059722,-0.10240494817118423,-0.3449342249980866,-0.7324038221090245,-0.3586849275053039,-0.020507950617125428,1.2750780434001272,1.28187971318459,0.6441329229316546,3.9165600791825894,-0.28917820632587127,1.2810426264510173,1.0702450897593756,1.5045134285251354,-1.320882186692905,1.455834395754562,-0.7648547402459881,-0.5225023220210732,3.8581138151470475,-0.20737420940793785,3.6683113203567284,-1.0186770118579531,4.94232213911573,-0.5799923010371577,-0.2704651967578273,-0.8990323623278103,-0.7365014898754058,-0.2771664365546169,7.526695845773482,0.15452357360668884,1.0088794042972906,-0.8774417161261752,-0.6088586624504979,1.0660292763591648,1.362147913238695,-0.2549095948517134,-1.136850423195208,-0.5386212356852983,-0.11221352587980073,-1.0223009842824984,0.883525425570809,-0.5426396183315008,0.0,0.13896607041647782,-0.22130698830080817,3.0281150912785053,2.872595695051395,0.8795967254861315,1.1977910304313142,0.0,-0.08483810349083397,-0.12374635248656726,-0.8315984014862432,1.1090693449829168,1.000981836269889,-1.042184044071276,5.569463287849868,-0.8477155653001879,1.8231059304951278,-0.5799912370172288,1.2371181602219223,-0.48055740757584053,0.14669318233097192,1.041120477974088,-0.32881518147666217,1.7268688325664807,-0.49576479941488083,0.47426166846623885,-0.19837512711063968,-0.04800155162510644,3.724689741727315,0.09224392817681241,-0.4415468875833309,5.561839471270871,-0.4371587287005757,-0.196765259065153,-0.1883835366706429,-0.39999112664856845,-0.9134061762146639,-0.3697851314582539,-0.9069548636012146,-0.09106400174821354,1.3021566050771711,-0.3948374065968613
-0.999254121040205,0.7508064695066755,-1.5369666699960502,0.006334265237611538,0.9970564173041249,3.886314437620012,1.4287377399245256,-1.173049798004897,0.7108624972243678,3.9864156260104027,-0.45178791752640757,-0.06147015290412872,0.38060513477524593,-0.562686151270469,1.4485813760728101,-0.9510974499958885,-1.5990669167275275,-0.9853714449913064,0.9695534009273846,0.2245462602985569,-0.5758761098706882,-0.3025096228004351,-0.4592218583968442,-0.008001405304944482,-1.1375259753001508,0.004912859767214462,5.704312670549498,-0.06495430931096233,-0.45479442698342015,-0.16599557116103764,-1.4105350577396383,2.0229559264595562,-0.3844804102892092,2.921978663619022,-0.4041111633936977,1.781275512257695,-0.7850382550174442,-0.13843558173681283,-0.2283074913304992,-0.6735398388552846,-0.2901561551310091,-0.018572189062608494,0.8447723531467932,1.2047720319497166,0.13535173180996118,3.673452524787696,-0.35936881220839706,1.2022397021935785,1.0702450897593756,1.4461045520723677,-1.3919129287433476,1.2481349644598914,-0.8878614171849245,-0.4364985988382192,3.6787150461447053,-0.3198954950891226,3.4033951738631476,-1.050214860548107,4.882475247062154,-0.6910327555005839,-0.31817875544250385,-0.6988574344280658,-0.7557796042653155,-0.14195069275322686,7.387402236286214,0.55284268558349,-0.9892514003226351,-0.9211650062176272,-0.46842130737698795,1.0660292763591648,1.049157429465965,-0.42404185179066445,-1.2046256925125336,-0.5549817901403391,-0.12417338778821195,-0.9026423145335222,0.8287387127175466,-0.5422945915919853,0.0,0.10931330281830946,-0.1929064885716109,2.8622322246955223,2.872595695051395,0.7034986069070214,0.8518807667622111,0.0,-0.1458095563503406,-0.20057534279319073,-0.8755098210040533,1.1090693449829168,1.000981836269889,-1.124461431708738,5.21383757968768,-0.8180539709810467,-0.4983011245556747,-0.28377054803568624,-1.4133625580552893,-0.5069334290519761,0.014249218488858345,-0.9586165910402921,-0.16247237343618076,-0.39647540029209183,-0.5934232429790837,0.42002452501619236,-0.19314138991650232,-0.04800155162510644,3.5435765420387355,0.049711712714457464,-0.4572125930224643,5.010711688629006,-0.36208641601475,-0.1872958268585558,-0.2878628630167629,-0.39084809471782384,-0.5589960268472347,-0.27221436078346445,-0.9470546728281387,-0.25128628410505244,2.061885468403532,-1.0556904112392396
-0.9680610820707534,0.7719263808917434,-1.5333149192840099,0.021495120442531813,-1.000981836269889,3.760012699626557,1.517971116929535,-1.253128013415522,0.5482454115175045,3.8402729628266496,-0.6702302209364062,-0.06125112086269988,-0.734876216034661,-0.562686151270469,1.4708119954978582,-0.9510974499958885,-1.5719397757288631,-0.9853714449913064,1.0129264089872743,-0.2864376870133426,-0.5714590655672303,-0.3163324820764598,-0.4343034104246794,-0.08320987594331604,-1.1346467820703916,0.5050419840696415,6.745053529501619,-0.06495430931096233,-0.4439434412225269,-0.15766858631096808,-1.4049457281188724,2.05288061457093,-0.354656100325952,3.0913576177419166,0.121858042029853,0.8070572584932653,-0.783433367188337,-0.17202296155456023,-0.13369797346300238,-0.5824704064732753,-0.2517500237399134,-0.018770066910403557,1.2765860587123128,1.2038783481497457,-0.10975663786617923,3.442937306140571,-0.3004752408050517,1.2380402725894943,1.0702450897593756,1.5557647504040997,-1.4050366362174191,1.3483289130009282,-0.8698557542733931,0.35948120227287456,3.911193542026696,-0.39795528485008047,3.5379720409409674,-1.0394865122229109,4.803260407518099,-0.6875781974951026,-0.27071059094483585,-0.628766441683615,-0.641129930440038,-0.20466180908409845,7.461482331817545,-0.5110705671635786,-0.9892514003226351,-0.9175918055475689,-0.41132290884370276,1.0660292763591648,0.9715601325507539,-0.42758441095246985,-1.1887111623944921,-0.5446813120086894,-0.17703125490462532,0.7520812436265695,0.8596235195167,-0.5710008163196615,0.0,0.10706589791381332,-0.20339219283006024,2.854558521683618,2.872595695051395,0.7103225476420821,1.278132450403692,-0.6953826246654665,-0.09433976389190303,-0.02968545949502783,-0.8173647608916492,1.1090693449829168,-0.9970564173041249,-1.1898516335467286,5.394495582034273,-0.809617030960265,-1.0494147957242879,-0.40889527111842355,-1.0894980477272036,-0.4916701475886286,0.07379518119041871,-0.9586165910402921,-0.37945275175582843,-1.0192556826879107,-0.5444092204537636,0.44844522798709135,-0.175976881307594,-0.04800155162510644,3.5619252079346047,0.0483996241173085,-0.38544602522431487,4.962696848431667,-0.5275747689984682,-0.16423432390337325,-0.2532227471100903,-0.37607512055390657,-0.7429150442949105,-0.025027293800772878,-0.9489211618539856,-0.31469705794057923,2.649343286024479,-0.7235747245707227
-0.9596344145735475,0.8046069976183248,-1.535536692068218,0.025214047011544782,-1.000981836269889,3.8221799204543494,1.456929998994537,-1.207469604188543,0.5739972878983102,3.9158831370905034,-0.5296888198214844,-0.061379411058393916,-1.1526712376986152,0.44587536895558,1.5361540509227647,1.0493513187971166,-1.60694165140514,-0.9853714449913064,1.0024912389263303,-0.30779447258159076,-0.5749671144728729,-0.704271651686197,-0.41532143792383547,-0.12595113686642728,0.4221306797617603,1.0051711083720685,6.550457090308901,-0.06495430931096233,-0.5241250328585373,-0.2063114203147756,-1.4080757919918965,2.0416172018964933,-0.5298885114522937,3.0187790702481387,0.10843743941491818,0.8215978549986622,-0.7196682882783692,-0.15685123889201572,-0.5215233417133286,-0.7315795310058462,-0.5302375748336401,-0.018899117680704684,1.0445465925548003,1.2186764544488229,-0.31166787600415996,3.5510645550048627,-0.32886002162947664,1.216305686704343,1.0702450897593756,1.6144153987321435,-1.4716169369180998,1.2899993436422303,-0.8990846996946276,-0.5072969716058213,3.6069955624084438,-0.3290485484322307,3.470089466093244,-1.04344802929626,4.883320933119333,-0.6745123693088846,0.018032581324686263,-1.0231148678058974,-0.7080232197493518,-0.8155069635117037,7.4244655823364845,-1.0720349721891187,-0.9892514003226351,-0.9329778997687059,-0.7325362614845806,1.0660292763591648,1.067124427999266,-0.5695371796039188,-1.1208569056255786,-0.5492818346740178,-0.1701198039017515,-0.910930635250121,0.8427468454029001,-0.5688616505346664,0.0,0.09207287582456637,-0.23462699850249646,3.0453795375768933,2.872595695051395,0.7624809536466204,1.097660264705941,-0.6869266199275232,-0.07082541798002062,-0.088695687616775,-0.8413907854429038,1.1090693449829168,-0.9970564173041249,-1.0811132003650394,5.303368568190846,-0.809617030960265,-0.14599599465925386,-0.8220441326851204,0.5153856500638185,-0.29093791308052563,0.060795744208270046,1.041120477974088,-0.5131857919563628,-0.22072285212952217,-0.5373893529607822,0.43559938797952746,-0.1982648764185346,-0.04800155162510644,3.4958340236213874,0.06341495300716853,-0.4854056754932227,4.899044773133515,-0.5300004089533553,-0.19574249720464065,-0.26166579748725693,-0.36400360470278875,-0.0588740888814555,-0.508281135585323,-0.9485275194466568,-0.26152864892923944,0.713186584608504,-0.9845647282247967
-0.9188162880972625,0.7620307543505572,-1.5353135145964454,0.041693107120222,-1.000981836269889,3.7955615625911903,1.4622207660767657,-1.2031207568775433,0.520751971837651,3.8763511706768066,-0.4082090708648262,-0.06121044348357739,-0.5273804316924031,-0.12635168857951337,1.5596496634807384,-0.9510974499958885,-1.6023109520295291,-0.9853714449913064,0.9992599776278498,-0.39654562817259886,-0.5836261372994688,-0.7489902697641713,-0.5489474448062338,-0.13100356724587353,-0.35624102618617826,1.5053002326744955,6.334247949991783,-0.04011430028705511,-0.6248778290451505,-0.21472634350461914,-1.4072660831640595,2.0484353579220373,-0.5747582685975757,3.0193673669516095,0.42066381201531483,-0.3346681778427203,-0.7962227890439181,-0.16587067200025776,-0.6537523230385732,-0.7401844902239092,-0.4076568404593399,-0.01867973137119277,1.0183949047480088,1.202928855243977,-0.7006322693944147,3.488341217032417,-0.323851096844238,1.2139975650389403,1.0702450897593756,1.6122316648676005,-1.3654121517598083,1.3153386318592029,-0.8894746513412445,-0.47422533445264853,3.9787926977926533,-0.3031186485447944,3.497931549484914,-1.0426268606562996,4.835668361795912,-0.7011129080072664,0.01618176642790295,-1.0598887861752517,-0.6955336816025653,-0.9264300717848403,7.437853646472898,-0.6200133381299885,-0.9892514003226351,-0.9439602716880345,-0.8084160076376811,1.0660292763591648,0.8623095218063491,-0.5848774714534486,-1.1249391731508764,-0.5493686723274956,-0.1619465484820838,-1.137844500861871,0.848584724740463,-0.5683096077514418,0.0,0.09263988841366005,-0.2325683558039341,3.0181262538661033,2.872595695051395,0.7249088547638012,1.0232728923336674,-0.6853725021799855,-0.00027879437385688546,-0.06159946152020452,-1.0145776032031284,1.1090693449829168,-0.9970564173041249,-1.0738156926316047,5.340744903886874,-0.8097747783309793,-0.6830003394015698,-0.8429129532050773,-0.3331852471809715,-0.5178118643054584,0.05817989482221004,-0.9586165910402921,-0.519009151814725,-0.7074562899260167,-0.5441962514679296,0.4396572445107038,-0.20372178504391592,-0.04800155162510644,3.5184631478541064,0.06175571038213131,-0.5143587002973695,4.734379708185574,-0.7617031350748225,-0.19765770763841867,-0.26432063834888486,-0.366876877719934,0.07682579541857035,-0.5592745904412986,-0.9499909630977902,-0.28892220009770425,0.5309740587506264,-1.066571936870917
-1.021424399121404,0.5874876936611269,-1.5448526720855869,0.006735572074428957,-1.000981836269889,3.810327192412529,1.2626110760326656,-1.2113731608863558,0.37231344051102677,3.895775572751749,-0.4005402966664293,-0.06094447600469951,0.17796167030702154,0.6813078326389915,1.5058067328293858,1.0493513187971166,-1.6687555055827195,-0.9853714449913064,0.8772741514215406,-0.39654562817259886,-0.5819798456345366,-0.5823891991901418,-0.528166093404766,-0.08131519691231966,-0.2814687756256668,-1.4954745131400666,6.00280114285868,-0.04011430028705511,-0.5014564379581583,-0.11391279621901229,-1.4209274566236711,1.968754604052509,-0.4726233001685404,2.637275703326259,-0.2016179533507097,0.518021751470591,-0.7857159008194816,-0.16342741825335094,-0.5357948438728996,-0.7142298451303659,-0.2361445041735768,-0.017806487825488458,1.175998835988884,1.1156124132734355,-0.624229985540356,3.504826451518243,-0.4209379574617308,1.1065044756043334,1.0702450897593756,1.5754977261615026,-1.1193099276203742,1.1362494482013517,-1.049463646286755,-0.48153484644564293,3.6007147495130885,-0.47798698241460136,3.144973995639119,-1.0625773376545906,4.834483638230593,-0.803387529774992,-0.2110503328562497,-0.8982456676604735,-0.7124613071759802,-0.4670529366103222,7.264992551943709,-0.12639712671594147,-0.9892514003226351,-1.0164704061954863,-0.574273257368121,1.0660292763591648,0.625090910871746,-0.5593241396209815,-1.2080189819017209,-0.5757957540595223,-0.1762361745310833,-1.075411510481036,0.7745496265227795,-0.5658944205748345,0.0,0.08384474157899595,-0.1994669597230251,2.841996850888975,2.872595695051395,0.596490525410036,1.072444881694181,-0.6898916763290458,-0.08645981343191651,-0.1353692801020558,-1.0175832641719276,1.1090693449829168,1.000981836269889,-0.35393413719858463,4.866932422353722,-0.8097747783309793,-0.03893045440976491,-0.662045806736308,0.1289662694606106,-0.4108852137908453,-0.041320807973503855,-0.9586165910402921,-0.3785310689005481,-0.13919180769400663,-0.6217148283537338,0.3687071354471272,-0.20427081346524634,-0.04800155162510644,3.3483909134318304,-0.05128391234178527,-0.4397987608505534,4.327603681784725,-0.5626271322234733,-0.4701901779212825,-0.3728334355672483,-0.4391130436920885,0.38706063368320887,-0.39775374554498627,-0.9839335383182225,-0.2999123479953639,0.5648086078068145,-1.0235697634498122
0.0,-0.6838453668897171,-1.3978066340317679,0.22940053933654914,-1.000981836269889,1.3535777549793864,-0.7270032254719666,-1.2802156789614052,0.0,1.266360829572049,-0.21722623159813087,0.0,-1.0810947225011727,-0.562686151270469,0.8745966173798638,-0.9510974499958885,-0.895428709855724,-0.9853714449913064,-0.14481903143085154,-0.39654562817259886,0.0,-0.5832254817518324,0.0,-0.1727597418268841,-0.2669187812247536,1.0051711083720685,0.0,0.20828578995201694,-0.5857766367087006,-0.20757618055446622,-1.417342725683117,0.5167602477524634,-0.8318839666506157,-0.40751691044270677,-0.31766669360926425,0.0,-0.7724566975339836,-0.6584365146808037,0.0,-0.693476064331341,-0.3270639164928445,0.0,-0.1957941778944922,0.7983659409216112,-0.7573744944893905,0.1648782206007561,-0.527451661356522,0.0,-0.93252972894475,0.0,-1.03121357364674,-0.3174694401512302,-0.010047724300661304,0.0,-0.1971014740937226,-1.5983757299644659,0.0,0.0,1.60184283389539,0.0,-0.31792256507842126,-0.7431369836789474,-0.7370813505591511,0.0,0.8565170583748404,-1.0690048738799067,-0.9892514003226351,0.0,-0.47417658542599944,-0.9362175932600785,-0.5658334811934307,-0.5109770828963748,-1.5997275556870871,-0.8090914101143384,-0.754307383981462,-0.7314499196125339,-1.1001811247894662,-0.6879648810153607,0.0,-0.13236751823524207,-0.2453744726631911,0.0,0.8474555166840283,0.0,-0.17177451182241515,-0.46525010620464397,-0.42765718601118724,0.4181505293001847,-0.2704426569299578,-0.8998854471747512,-0.9970564173041249,0.0,0.8941305519489843,-0.9686060261407842,-0.14329335515072184,-0.8818247342359073,-0.2680546978914854,0.0,-0.41384618247455673,-0.9586165910402921,0.0,-0.13778543014620487,-1.4056105592616768,-0.28470470226014055,0.08195222095504336,0.0,0.2252546396986561,0.0,-0.5328411203237379,-0.010210096236561068,0.0,0.0,-0.5619526169514514,-1.4051239354223284,-0.9024105747611308,-0.04036306410306786,-1.1339108681028942,-0.504341476652231,-0.0031475990929671514,-0.7784247703593814
